﻿Quantity,Reference Designator,Model
1,R1B,"232k ohm, 0603, 5%"
1,R2B,"34k ohm, 0603, 5%"
1,R3B,"26.7k ohm, 0603, 5%"
1,R4B,"237k ohm, 0603, 5%"
1,R1A,"2.61k ohm, 0603, 5%"
1,R2A,"37.4k ohm, 0603, 5%"
1,R3A,"1k ohm, 0603, 5%"
1,R4A,"9.09k ohm, 0603, 5%"
2,"R5M, JP2","0 ohm, 0603"
4,"C9B, C0B, C9A, C0A","100nF, 0603, X7R, 20%"
2,"C5A, C6A","150nF, 1206, X7R, 10%"
2,"C101M, C100M","10uF, 6032, tantalum, 20%"
2,"U1B, U1A","AD8692, SOIC"
4,"J1M, J2M, J3M, J4M","67996-206HLF, 2x3 0.1"" header"
2," J3M, J4M","65474-010LF, 0.1"" jumper"
2," J1B, J1A","BCS-103-L-D-TE, 2x3 0.1"" socket"
2,"J5M, J6M","142-0701-851, SMA Jack, board edge female"
3,"+VS, -VS, GND","68000-101HLF, Test pin"
